<?xml version="1.0" encoding="UTF-8"?>
<project-private xmlns="http://www.netbeans.org/ns/project-private/1">
    <editor-bookmarks xmlns="http://www.netbeans.org/ns/editor-bookmarks/2" lastBookmarkId="0"/>
    <open-files xmlns="http://www.netbeans.org/ns/projectui-open-files/2">
        <group>
            <file>file:/home/ronaldofs/Documents/UFRN/2015.1/Trabalhos/PAA/Meta-heuristicas/code/TSP-Metaheuristic/src/tsp/metaheuristic/TSPMetaheuristic.java</file>
            <file>file:/home/ronaldofs/Documents/UFRN/2015.1/Trabalhos/PAA/Meta-heuristicas/code/TSP-Metaheuristic/src/tsp/metaheuristic/Metaheuristic.java</file>
        </group>
    </open-files>
</project-private>
